Date,Water Area (km^2)
2016-01-01 08:00:00,449.90587818021146
2016-01-02 08:00:00,694.2789556813957
2016-01-03 08:00:00,836.959928180244
2016-01-04 08:00:00,961.4808722627685
2016-01-05 08:00:00,1141.1143080174418
2016-01-06 08:00:00,1246.0025624438476
2016-01-07 08:00:00,1287.599030278882
2016-01-08 08:00:00,1301.496197153667
2016-01-09 08:00:00,1324.4837269141856
2016-01-10 08:00:00,1355.9690102761588
2016-01-11 08:00:00,1369.5534434589197
2016-01-12 08:00:00,1411.1377668915209
2016-01-13 08:00:00,1493.087712396434
2016-01-14 08:00:00,1597.521003482681
2016-01-15 08:00:00,1692.4486421567544
2016-01-16 08:00:00,1753.4139647086197
2016-01-17 08:00:00,1777.415231954864
2016-01-18 08:00:00,1785.0161268889472
2016-01-19 08:00:00,1786.4891551243168
2016-01-20 08:00:00,1782.6383094973858
2016-01-21 08:00:00,1767.6315229173742
2016-01-22 08:00:00,1746.9656797945267
2016-01-23 08:00:00,1748.026113220948
2016-01-24 08:00:00,1772.2605139052823
2016-01-25 08:00:00,1776.5203228675553
2016-01-26 08:00:00,1784.7325764115233
2016-01-27 08:00:00,1814.0806412392544
2016-01-28 08:00:00,1849.3044021912117
2016-01-29 08:00:00,1866.5631763187398
2016-01-30 08:00:00,1897.5252031202683
2016-01-31 08:00:00,2016.6057198849185
2016-02-01 08:00:00,2155.8776833366787
2016-02-02 08:00:00,2272.548822388368
2016-02-03 08:00:00,2358.7307550287596
2016-02-04 08:00:00,2394.093689015996
2016-02-05 08:00:00,2395.855105325333
2016-02-06 08:00:00,2361.563231451892
2016-02-07 08:00:00,2327.6154699840395
2016-02-08 08:00:00,2279.880211201224
2016-02-09 08:00:00,2224.598375825144
2016-02-10 08:00:00,2158.9155348084287
2016-02-11 08:00:00,2091.358532143003
2016-02-12 08:00:00,2007.7220634023547
2016-02-13 08:00:00,1915.3710893300351
2016-02-14 08:00:00,1824.2706573494106
2016-02-15 08:00:00,1773.5341205722148
2016-02-16 08:00:00,1717.9101905379055
2016-02-17 08:00:00,1686.3407711201633
2016-02-18 08:00:00,1642.9330210626733
2016-02-19 08:00:00,1594.5502501859287
2016-02-20 08:00:00,1547.4429697978126
2016-02-21 08:00:00,1506.034613410883
2016-02-22 08:00:00,1493.8419794529166
2016-02-23 08:00:00,1489.4191385638192
2016-02-24 08:00:00,1515.1006394118817
2016-02-25 08:00:00,1547.9624839687344
2016-02-26 08:00:00,1581.557354599894
2016-02-27 08:00:00,1596.5912346103653
2016-02-28 08:00:00,1595.4901762554584
2016-02-29 08:00:00,1585.2564360446831
2016-03-01 08:00:00,1554.0306773633752
2016-03-02 08:00:00,1518.3895898641608
2016-03-03 08:00:00,1471.6795060963773
2016-03-04 08:00:00,1442.3876681048416
2016-03-05 08:00:00,1422.3759053302545
2016-03-06 08:00:00,1410.218489322951
2016-03-07 08:00:00,1430.3247241050979
2016-03-08 08:00:00,1574.7960259737908
2016-03-09 08:00:00,1657.4512229471093
2016-03-10 08:00:00,1698.4841227613153
2016-03-11 08:00:00,1797.4403326118963
2016-03-12 08:00:00,1901.4193479677901
2016-03-13 08:00:00,1960.0393662646927
2016-03-14 08:00:00,2016.886686382977
2016-03-15 08:00:00,2053.4679653924527
2016-03-16 08:00:00,2073.8545200669973
2016-03-17 08:00:00,2074.3552103638567
2016-03-18 08:00:00,2054.114122630411
2016-03-19 08:00:00,2045.1754720277065
2016-03-20 08:00:00,2101.5523524794585
2016-03-21 08:00:00,2134.392468283593
2016-03-22 08:00:00,2234.65028749858
2016-03-23 08:00:00,2382.212462234968
2016-03-24 08:00:00,2545.7532807578677
2016-03-25 08:00:00,2689.650008301156
2016-03-26 08:00:00,2766.5012179857854
2016-03-27 08:00:00,2797.7379022053005
2016-03-28 08:00:00,2756.012011996992
2016-03-29 08:00:00,2715.7801829542673
2016-03-30 08:00:00,2671.59015534756
2016-03-31 08:00:00,2614.5624843596565
2016-04-01 08:00:00,2577.2008523787395
2016-04-02 08:00:00,2552.924410718052
2016-04-03 08:00:00,2518.4675825685176
2016-04-04 08:00:00,2480.0900377055877
2016-04-05 08:00:00,2505.1638937748103
2016-04-06 08:00:00,2617.4142084115138
2016-04-07 08:00:00,2639.069779890785
2016-04-08 08:00:00,2669.112656197787
2016-04-09 08:00:00,2709.1499065114767
2016-04-10 08:00:00,2755.1228762210617
2016-04-11 08:00:00,2828.686738232585
2016-04-12 08:00:00,2899.987476224204
2016-04-13 08:00:00,2955.868266168869
2016-04-14 08:00:00,3032.4345947293045
2016-04-15 08:00:00,3101.7524516523677
2016-04-16 08:00:00,3153.830766053441
2016-04-17 08:00:00,3227.166571431391
2016-04-18 08:00:00,3276.428365976481
2016-04-19 08:00:00,3333.7934281041657
2016-04-20 08:00:00,3391.1010654795055
2016-04-21 08:00:00,3448.3033131511775
2016-04-22 08:00:00,3504.337218241541
2016-04-23 08:00:00,3542.3686205974745
2016-04-24 08:00:00,3571.3551066591967
2016-04-25 08:00:00,3581.237610504368
2016-04-26 08:00:00,3585.0889210498094
2016-04-27 08:00:00,3600.9506911582557
2016-04-28 08:00:00,3602.542417609947
2016-04-29 08:00:00,3601.170998282578
2016-04-30 08:00:00,3594.702541030559
2016-05-01 08:00:00,3588.8564260675425
2016-05-02 08:00:00,3588.4266484435075
2016-05-03 08:00:00,3584.896134788255
2016-05-04 08:00:00,3583.693530736781
2016-05-05 08:00:00,3584.127849833099
2016-05-06 08:00:00,3591.456162546699
2016-05-07 08:00:00,3598.053903597293
2016-05-08 08:00:00,3611.8780956040723
2016-05-09 08:00:00,3636.685329477306
2016-05-10 08:00:00,3671.0637054224344
2016-05-11 08:00:00,3688.3857844863173
2016-05-12 08:00:00,3689.8914499068815
2016-05-13 08:00:00,3683.356125973979
2016-05-14 08:00:00,3677.670731893682
2016-05-15 08:00:00,3674.0453284996074
2016-05-16 08:00:00,3671.163394187877
2016-05-17 08:00:00,3664.515303497163
2016-05-18 08:00:00,3657.438324021788
2016-05-19 08:00:00,3657.210323137232
2016-05-20 08:00:00,3658.112112512652
2016-05-21 08:00:00,3671.810802083357
2016-05-22 08:00:00,3681.956637367063
2016-05-23 08:00:00,3684.2326560896554
2016-05-24 08:00:00,3680.4029000511923
2016-05-25 08:00:00,3674.6287513863954
2016-05-26 08:00:00,3670.762542878687
2016-05-27 08:00:00,3665.48547821558
2016-05-28 08:00:00,3663.3957526337977
2016-05-29 08:00:00,3662.8679647671106
2016-05-30 08:00:00,3663.2085692491655
2016-05-31 08:00:00,3661.553835946852
2016-06-01 08:00:00,3658.8988433034333
2016-06-02 08:00:00,3659.609456059063
2016-06-03 08:00:00,3669.0833752730314
2016-06-04 08:00:00,3685.510652591905
2016-06-05 08:00:00,3696.0501349219617
2016-06-06 08:00:00,3691.752524667495
2016-06-07 08:00:00,3685.2534817874625
2016-06-08 08:00:00,3677.9722478753642
2016-06-09 08:00:00,3668.9200439137953
2016-06-10 08:00:00,3659.8144802379747
2016-06-11 08:00:00,3656.839683914955
2016-06-12 08:00:00,3661.5941510659572
2016-06-13 08:00:00,3657.2634368993567
2016-06-14 08:00:00,3653.5018498651543
2016-06-15 08:00:00,3653.7628282914743
2016-06-16 08:00:00,3661.3690309698977
2016-06-17 08:00:00,3670.4504451961393
2016-06-18 08:00:00,3670.79168713242
2016-06-19 08:00:00,3672.2867998175393
2016-06-20 08:00:00,3689.816639784232
2016-06-21 08:00:00,3698.2364326598763
2016-06-22 08:00:00,3697.884249476202
2016-06-23 08:00:00,3693.3987809623345
2016-06-24 08:00:00,3686.6623957524175
2016-06-25 08:00:00,3681.001283343205
2016-06-26 08:00:00,3672.0146607467436
2016-06-27 08:00:00,3664.8992704297675
2016-06-28 08:00:00,3663.8824143172787
2016-06-29 08:00:00,3670.218933188345
2016-06-30 08:00:00,3685.708787884988
2016-07-01 08:00:00,3692.7547375393247
2016-07-02 08:00:00,3708.683245360853
2016-07-03 08:00:00,3730.753603624427
2016-07-04 08:00:00,3752.258938875547
2016-07-05 08:00:00,3772.5881452800922
2016-07-06 08:00:00,3783.66696484201
2016-07-07 08:00:00,3786.4031943605814
2016-07-08 08:00:00,3789.2223144961313
2016-07-09 08:00:00,3790.59735648762
2016-07-10 08:00:00,3792.304846122106
2016-07-11 08:00:00,3794.819886848984
2016-07-12 08:00:00,3797.2046558725992
2016-07-13 08:00:00,3793.7421071384188
2016-07-14 08:00:00,3790.6080464209326
2016-07-15 08:00:00,3789.5034340503366
2016-07-16 08:00:00,3788.2634251463905
2016-07-17 08:00:00,3791.2213837745876
2016-07-18 08:00:00,3793.263156709452
2016-07-19 08:00:00,3793.3493820738568
2016-07-20 08:00:00,3790.71738115496
2016-07-21 08:00:00,3787.4657643782766
2016-07-22 08:00:00,3784.889235406083
2016-07-23 08:00:00,3781.493942947204
2016-07-24 08:00:00,3779.936723927625
2016-07-25 08:00:00,3775.332240537276
2016-07-26 08:00:00,3770.2381639518603
2016-07-27 08:00:00,3765.5695327668905
2016-07-28 08:00:00,3761.046614309715
2016-07-29 08:00:00,3754.850363477255
2016-07-30 08:00:00,3746.437182614856
2016-07-31 08:00:00,3733.9642973819787
2016-08-01 08:00:00,3729.530792192452
2016-08-02 08:00:00,3723.6973058950816
2016-08-03 08:00:00,3718.21664999302
2016-08-04 08:00:00,3705.7810199674695
2016-08-05 08:00:00,3704.6663561482283
2016-08-06 08:00:00,3706.756672465269
2016-08-07 08:00:00,3703.225971919298
2016-08-08 08:00:00,3699.3767362196327
2016-08-09 08:00:00,3695.9832951638355
2016-08-10 08:00:00,3692.2780676223006
2016-08-11 08:00:00,3688.813716772292
2016-08-12 08:00:00,3685.7620480474206
2016-08-13 08:00:00,3681.6584732524984
2016-08-14 08:00:00,3676.432629823776
2016-08-15 08:00:00,3670.753566680082
2016-08-16 08:00:00,3662.119089492274
2016-08-17 08:00:00,3652.616466593697
2016-08-18 08:00:00,3640.782287211212
2016-08-19 08:00:00,3626.974668848403
2016-08-20 08:00:00,3615.427430829322
2016-08-21 08:00:00,3595.168463975633
2016-08-22 08:00:00,3574.2900670635186
2016-08-23 08:00:00,3551.9680466841187
2016-08-24 08:00:00,3524.0607352157267
2016-08-25 08:00:00,3506.9603519254792
2016-08-26 08:00:00,3483.98899527413
2016-08-27 08:00:00,3450.02948289184
2016-08-28 08:00:00,3420.6916795897664
2016-08-29 08:00:00,3394.1316292764177
2016-08-30 08:00:00,3359.6187388465155
2016-08-31 08:00:00,3315.7246138056325
2016-09-01 08:00:00,3273.935983914147
2016-09-02 08:00:00,3222.9775533864004
2016-09-03 08:00:00,3147.1847693532422
2016-09-04 08:00:00,3071.431082087965
2016-09-05 08:00:00,2972.511658855608
2016-09-06 08:00:00,2885.731319784898
2016-09-07 08:00:00,2776.894220479228
2016-09-08 08:00:00,2664.5791153711234
2016-09-09 08:00:00,2581.068690902587
2016-09-10 08:00:00,2567.562206125147
2016-09-11 08:00:00,2469.7652700154904
2016-09-12 08:00:00,2374.449623618856
2016-09-13 08:00:00,2318.4037854099392
2016-09-14 08:00:00,2284.3664094146084
2016-09-15 08:00:00,2291.7560710862513
2016-09-16 08:00:00,2287.635768053666
2016-09-17 08:00:00,2237.2712639757747
2016-09-18 08:00:00,2137.6855874931634
2016-09-19 08:00:00,2026.7866991408644
2016-09-20 08:00:00,1896.8194915736349
2016-09-21 08:00:00,1784.1090937684658
2016-09-22 08:00:00,1701.1143865365495
2016-09-23 08:00:00,1626.0751053138092
2016-09-24 08:00:00,1559.7244537855697
2016-09-25 08:00:00,1505.523968816642
2016-09-26 08:00:00,1473.2561880065493
2016-09-27 08:00:00,1446.7829699474923
2016-09-28 08:00:00,1524.842099868508
2016-09-29 08:00:00,1591.8447550281899
2016-09-30 08:00:00,1688.982333598928
2016-10-01 08:00:00,1798.2941910934665
2016-10-02 08:00:00,1918.8715854243403
2016-10-03 08:00:00,1947.065710734265
2016-10-04 08:00:00,1947.413258823134
2016-10-05 08:00:00,1907.4587868637302
2016-10-06 08:00:00,1855.4412405711746
2016-10-07 08:00:00,1798.0855798775124
2016-10-08 08:00:00,1734.4658831802417
2016-10-09 08:00:00,1664.2477361696554
2016-10-10 08:00:00,1621.5658541822904
2016-10-11 08:00:00,1594.1461210031352
2016-10-12 08:00:00,1577.7066504562456
2016-10-13 08:00:00,1556.362007434511
2016-10-14 08:00:00,1528.4409947026134
2016-10-15 08:00:00,1499.9978977458554
2016-10-16 08:00:00,1475.0365270938462
2016-10-17 08:00:00,1457.9625114566302
2016-10-18 08:00:00,1456.2818578960903
2016-10-19 08:00:00,1457.4968414881587
2016-10-20 08:00:00,1448.343533774219
2016-10-21 08:00:00,1471.415105804543
2016-10-22 08:00:00,1539.8318538111218
2016-10-23 08:00:00,1607.431197592452
2016-10-24 08:00:00,1679.5154232192751
2016-10-25 08:00:00,1681.9361492494484
2016-10-26 08:00:00,1671.9416550779376
2016-10-27 08:00:00,1681.5952776128086
2016-10-28 08:00:00,1675.2315977895348
2016-10-29 08:00:00,1673.1146114311075
2016-10-30 08:00:00,1665.7299907474953
2016-10-31 08:00:00,1670.3493752015363
2016-11-01 08:00:00,1652.8952219602743
2016-11-02 08:00:00,1624.7845464076536
2016-11-03 08:00:00,1602.4985372988322
2016-11-04 08:00:00,1575.0619379090979
2016-11-05 08:00:00,1559.7301202669273
2016-11-06 08:00:00,1564.678778009358
2016-11-07 08:00:00,1629.7096265738212
2016-11-08 08:00:00,1622.6166966367139
2016-11-09 08:00:00,1633.8244394984436
2016-11-10 08:00:00,1631.466145384684
2016-11-11 08:00:00,1642.5012745650652
2016-11-12 08:00:00,1688.6053477348325
2016-11-13 08:00:00,1730.4742044516588
2016-11-14 08:00:00,1757.1102415880175
2016-11-15 08:00:00,1806.8795515461077
2016-11-16 08:00:00,1860.7916343272127
2016-11-17 08:00:00,1894.5022979856521
2016-11-18 08:00:00,1910.3751209205552
2016-11-19 08:00:00,1918.5466801774483
2016-11-20 08:00:00,1927.3714189430523
2016-11-21 08:00:00,1919.8221719551148
2016-11-22 08:00:00,1949.8262006254104
2016-11-23 08:00:00,1989.6415927343407
2016-11-24 08:00:00,2051.8045304851776
2016-11-25 08:00:00,2099.0407133891313
2016-11-26 08:00:00,2114.8774522438416
2016-11-27 08:00:00,2159.146947651148
2016-11-28 08:00:00,2233.916668018238
2016-11-29 08:00:00,2319.3004244420918
2016-11-30 08:00:00,2334.870951442723
2016-12-01 08:00:00,2309.4971562313217
2016-12-02 08:00:00,2239.357919997199
2016-12-03 08:00:00,2153.763403799941
2016-12-04 08:00:00,2068.1054080117765
2016-12-05 08:00:00,1989.8892106897688
2016-12-06 08:00:00,1912.6910731525998
2016-12-07 08:00:00,1840.1524739625663
2016-12-08 08:00:00,1772.0552061909411
2016-12-09 08:00:00,1708.3588657905893
2016-12-10 08:00:00,1654.0387065574475
2016-12-11 08:00:00,1618.0396254024906
2016-12-12 08:00:00,1618.088385175436
2016-12-13 08:00:00,1593.8438035003505
2016-12-14 08:00:00,1567.8763021986786
2016-12-15 08:00:00,1558.0771240679564
2016-12-16 08:00:00,1545.8006844782042
2016-12-17 08:00:00,1533.4646941090664
2016-12-18 08:00:00,1523.5151238639587
2016-12-19 08:00:00,1540.1225426024123
2016-12-20 08:00:00,1557.9620047931508
2016-12-21 08:00:00,1622.120326085255
2016-12-22 08:00:00,1585.1950821009896
2016-12-23 08:00:00,1559.0871309405602
2016-12-24 08:00:00,1550.9949728938975
2016-12-25 08:00:00,1578.7347304283378
2016-12-26 08:00:00,1557.341557974077
2016-12-27 08:00:00,1526.6976122365731
2016-12-28 08:00:00,1505.6869293168686
2016-12-29 08:00:00,1495.6411738582506
2016-12-30 08:00:00,1485.1182068448531
2016-12-31 08:00:00,1481.320515763506
2017-01-01 08:00:00,1477.7457837523184
2017-01-02 08:00:00,1476.4929963687694
2017-01-03 08:00:00,1474.5489680044238
2017-01-04 08:00:00,1476.681208232859
2017-01-05 08:00:00,1505.9767027746527
2017-01-06 08:00:00,1524.5422506146651
2017-01-07 08:00:00,1551.8718053822229
2017-01-08 08:00:00,1520.9501173174237
2017-01-09 08:00:00,1505.6814254903697
2017-01-10 08:00:00,1507.9480887254924
2017-01-11 08:00:00,1593.6782843833932
2017-01-12 08:00:00,1554.1017513095187
2017-01-13 08:00:00,1539.8200530434701
2017-01-14 08:00:00,1526.5952930453075
2017-01-15 08:00:00,1522.4284420527333
2017-01-16 08:00:00,1527.5264371326862
2017-01-17 08:00:00,1540.2983178434192
2017-01-18 08:00:00,1589.9162354891075
2017-01-19 08:00:00,1583.8393671521178
2017-01-20 08:00:00,1564.6300953350092
2017-01-21 08:00:00,1549.7486844383811
2017-01-22 08:00:00,1535.3429321818007
2017-01-23 08:00:00,1524.775517080792
2017-01-24 08:00:00,1521.7152540314225
2017-01-25 08:00:00,1517.534259007218
2017-01-26 08:00:00,1514.118939900799
2017-01-27 08:00:00,1499.8618944143689
2017-01-28 08:00:00,1476.9356020913553
2017-01-29 08:00:00,1462.8442207156586
2017-01-30 08:00:00,1443.7920640245704
2017-01-31 08:00:00,1430.4876135231514
2017-02-01 08:00:00,1420.7449188927235
2017-02-02 08:00:00,1418.3272468441917
2017-02-03 08:00:00,1420.6922742258696
2017-02-04 08:00:00,1416.4584943747084
2017-02-05 08:00:00,1401.5646594365564
2017-02-06 08:00:00,1397.7458560060434
2017-02-07 08:00:00,1422.8582994010867
2017-02-08 08:00:00,1425.0338203999534
2017-02-09 08:00:00,1414.5636022047497
2017-02-10 08:00:00,1414.2290092536177
2017-02-11 08:00:00,1415.1300671506083
2017-02-12 08:00:00,1414.5350354616057
2017-02-13 08:00:00,1410.5059224534175
2017-02-14 08:00:00,1406.5411958653963
2017-02-15 08:00:00,1399.3741920620178
2017-02-16 08:00:00,1391.2771168784313
2017-02-17 08:00:00,1390.2352485963936
2017-02-18 08:00:00,1380.2378496940996
2017-02-19 08:00:00,1374.337998028367
2017-02-20 08:00:00,1363.7851517195184
2017-02-21 08:00:00,1406.9826224044912
2017-02-22 08:00:00,1447.0640608135454
2017-02-23 08:00:00,1427.1757847395936
2017-02-24 08:00:00,1402.4295513078002
2017-02-25 08:00:00,1399.2508693339753
2017-02-26 08:00:00,1400.839447033932
2017-02-27 08:00:00,1410.5863917870429
2017-02-28 08:00:00,1419.6659568113473
2017-03-01 08:00:00,1420.5553610866912
2017-03-02 08:00:00,1422.4872998012859
2017-03-03 08:00:00,1423.872042213703
2017-03-04 08:00:00,1434.9531051051658
2017-03-05 08:00:00,1458.6038127302857
2017-03-06 08:00:00,1459.7373517194314
2017-03-07 08:00:00,1457.4717916379652
2017-03-08 08:00:00,1461.2007024386417
2017-03-09 08:00:00,1482.2376860059965
2017-03-10 08:00:00,1509.4326827154084
2017-03-11 08:00:00,1597.7096567121748
2017-03-12 08:00:00,1772.4215400991254
2017-03-13 08:00:00,1815.5747430589242
2017-03-14 08:00:00,1842.6508569948217
2017-03-15 08:00:00,1920.9711990572405
2017-03-16 08:00:00,1949.3382798070559
2017-03-17 08:00:00,2008.4803215583756
2017-03-18 08:00:00,2045.8987039972292
2017-03-19 08:00:00,2169.836168552418
2017-03-20 08:00:00,2264.082881559493
2017-03-21 08:00:00,2479.9900540454228
2017-03-22 08:00:00,2655.6975447886875
2017-03-23 08:00:00,2780.8447227222273
2017-03-24 08:00:00,2886.1602049414855
2017-03-25 08:00:00,2931.290597722248
2017-03-26 08:00:00,2946.6564602858066
2017-03-27 08:00:00,2938.9992770405765
2017-03-28 08:00:00,2917.7406287846006
2017-03-29 08:00:00,2912.1867098146963
2017-03-30 08:00:00,2931.190066690755
2017-03-31 08:00:00,2940.7025526444
2017-04-01 08:00:00,2969.785997242862
2017-04-02 08:00:00,2997.775199091137
2017-04-03 08:00:00,3001.7418064878425
2017-04-04 08:00:00,2976.112294555644
2017-04-05 08:00:00,2942.1912942636473
2017-04-06 08:00:00,2902.6401091078606
2017-04-07 08:00:00,2852.446401190299
2017-04-08 08:00:00,2835.552271330235
2017-04-09 08:00:00,2847.0447829393856
2017-04-10 08:00:00,2891.27110824701
2017-04-11 08:00:00,2963.0804127853094
2017-04-12 08:00:00,3016.853402877581
2017-04-13 08:00:00,3023.363527599914
2017-04-14 08:00:00,3007.3070948004397
2017-04-15 08:00:00,2984.614825482981
2017-04-16 08:00:00,2961.915866685154
2017-04-17 08:00:00,2916.9401196798526
2017-04-18 08:00:00,2870.906311004449
2017-04-19 08:00:00,2837.5636060581182
2017-04-20 08:00:00,2788.6072077052563
2017-04-21 08:00:00,2746.5750654526623
2017-04-22 08:00:00,2707.1340332665272
2017-04-23 08:00:00,2684.8848014337264
2017-04-24 08:00:00,2656.1286203283785
2017-04-25 08:00:00,2696.25283761843
2017-04-26 08:00:00,2697.574836233159
2017-04-27 08:00:00,2704.9019918000517
2017-04-28 08:00:00,2715.80900277586
2017-04-29 08:00:00,2690.1968861644996
2017-04-30 08:00:00,2651.043733568783
2017-05-01 08:00:00,2606.215561736506
2017-05-02 08:00:00,2554.738689343578
2017-05-03 08:00:00,2533.776500929487
2017-05-04 08:00:00,2489.942199376773
2017-05-05 08:00:00,2465.477706617427
2017-05-06 08:00:00,2466.088533263337
2017-05-07 08:00:00,2475.97801096235
2017-05-08 08:00:00,2480.657078746194
2017-05-09 08:00:00,2476.829490618539
2017-05-10 08:00:00,2505.895734361963
2017-05-11 08:00:00,2548.6097992217906
2017-05-12 08:00:00,2545.822042346239
2017-05-13 08:00:00,2561.721763294135
2017-05-14 08:00:00,2609.398602945541
2017-05-15 08:00:00,2635.4844017269834
2017-05-16 08:00:00,2630.565300111253
2017-05-17 08:00:00,2616.5826950633254
2017-05-18 08:00:00,2588.829334573837
2017-05-19 08:00:00,2551.7367312923875
2017-05-20 08:00:00,2505.0155482077867
2017-05-21 08:00:00,2473.2413965947494
2017-05-22 08:00:00,2454.028061743498
2017-05-23 08:00:00,2428.5100099645315
2017-05-24 08:00:00,2371.8039306940923
2017-05-25 08:00:00,2309.0852611753676
2017-05-26 08:00:00,2267.2932056679897
2017-05-27 08:00:00,2228.80453120706
2017-05-28 08:00:00,2204.9912730605606
2017-05-29 08:00:00,2197.817483934031
2017-05-30 08:00:00,2206.707030292792
2017-05-31 08:00:00,2224.6920947613535
2017-06-01 08:00:00,2256.6975720933037
2017-06-02 08:00:00,2321.9924313443166
2017-06-03 08:00:00,2427.0201778657406
2017-06-04 08:00:00,2520.292327196948
2017-06-05 08:00:00,2592.7499918323665
2017-06-06 08:00:00,2606.377979170273
2017-06-07 08:00:00,2683.4540304072657
2017-06-08 08:00:00,2765.4236193016864
2017-06-09 08:00:00,2789.60596720316
2017-06-10 08:00:00,2779.9576739111853
2017-06-11 08:00:00,2801.8977802271584
2017-06-12 08:00:00,2848.77392172925
2017-06-13 08:00:00,2955.210541286665
2017-06-14 08:00:00,3081.9851724909167
2017-06-15 08:00:00,3162.439202464224
2017-06-16 08:00:00,3198.387679563429
2017-06-17 08:00:00,3234.591693697605
2017-06-18 08:00:00,3281.4579171410996
2017-06-19 08:00:00,3308.5216458557647
2017-06-20 08:00:00,3320.487256066952
2017-06-21 08:00:00,3330.5115579967173
2017-06-22 08:00:00,3360.8269369775644
2017-06-23 08:00:00,3443.1474417258414
2017-06-24 08:00:00,3525.606439414586
2017-06-25 08:00:00,3604.6690492454886
2017-06-26 08:00:00,3660.5810923631348
2017-06-27 08:00:00,3689.428415837246
2017-06-28 08:00:00,3716.0437619213103
2017-06-29 08:00:00,3736.517346188922
2017-06-30 08:00:00,3752.1967387001546
2017-07-01 08:00:00,3762.006057567366
2017-07-02 08:00:00,3774.36917644038
2017-07-03 08:00:00,3781.8420698439086
2017-07-04 08:00:00,3788.887105157169
2017-07-05 08:00:00,3790.6550062255224
2017-07-06 08:00:00,3790.067904292317
2017-07-07 08:00:00,3788.8564145738305
2017-07-08 08:00:00,3786.1879515132136
2017-07-09 08:00:00,3785.2129135135815
2017-07-10 08:00:00,3784.145094377494
2017-07-11 08:00:00,3783.8499515105286
2017-07-12 08:00:00,3779.0152523517163
2017-07-13 08:00:00,3774.631280046634
2017-07-14 08:00:00,3770.472345385412
2017-07-15 08:00:00,3765.0234813377238
2017-07-16 08:00:00,3753.9224220790416
2017-07-17 08:00:00,3743.419713565814
2017-07-18 08:00:00,3735.5396859525317
2017-07-19 08:00:00,3724.017475974367
2017-07-20 08:00:00,3712.4175220496563
2017-07-21 08:00:00,3698.828630899157
2017-07-22 08:00:00,3684.1782547608213
2017-07-23 08:00:00,3666.4648706126204
2017-07-24 08:00:00,3637.9778866923493
2017-07-25 08:00:00,3623.2190473622613
2017-07-26 08:00:00,3605.099145911193
2017-07-27 08:00:00,3580.104458585871
2017-07-28 08:00:00,3556.244552316855
2017-07-29 08:00:00,3532.9152261152744
2017-07-30 08:00:00,3518.841848209384
2017-07-31 08:00:00,3501.617679524544
2017-08-01 08:00:00,3503.332776475765
2017-08-02 08:00:00,3495.8477388837114
2017-08-03 08:00:00,3478.4407326163505
2017-08-04 08:00:00,3452.981021733299
2017-08-05 08:00:00,3422.799463590295
2017-08-06 08:00:00,3386.6799372910646
2017-08-07 08:00:00,3329.7233486059963
2017-08-08 08:00:00,3281.3988771977756
2017-08-09 08:00:00,3254.692155109995
2017-08-10 08:00:00,3189.480263462398
2017-08-11 08:00:00,3132.6022615799884
2017-08-12 08:00:00,3071.069462244939
2017-08-13 08:00:00,3057.4958545025042
2017-08-14 08:00:00,3113.5462943976718
2017-08-15 08:00:00,3175.4982865538477
2017-08-16 08:00:00,3238.0607765721925
2017-08-17 08:00:00,3279.4923864314746
2017-08-18 08:00:00,3300.3214487549944
2017-08-19 08:00:00,3300.5503412371568
2017-08-20 08:00:00,3295.238266312503
2017-08-21 08:00:00,3285.3898673829217
2017-08-22 08:00:00,3265.250609681261
2017-08-23 08:00:00,3233.98663108098
2017-08-24 08:00:00,3198.2311930114934
2017-08-25 08:00:00,3153.661976309413
2017-08-26 08:00:00,3101.6883090280276
2017-08-27 08:00:00,3042.7445480682154
2017-08-28 08:00:00,2989.329442346789
2017-08-29 08:00:00,2940.190046110588
2017-08-30 08:00:00,2893.054073163476
2017-08-31 08:00:00,2845.5193108044555
2017-09-01 08:00:00,2790.409175747157
2017-09-02 08:00:00,2733.830153589493
2017-09-03 08:00:00,2683.4704236015605
2017-09-04 08:00:00,2643.3077561531895
2017-09-05 08:00:00,2608.6331458362683
2017-09-06 08:00:00,2591.269385871863
2017-09-07 08:00:00,2572.655105714401
2017-09-08 08:00:00,2558.2705976276457
2017-09-09 08:00:00,2549.262446871292
2017-09-10 08:00:00,2544.197310136223
2017-09-11 08:00:00,2532.4234306351127
2017-09-12 08:00:00,2519.1268446810855
2017-09-13 08:00:00,2507.3475774535427
2017-09-14 08:00:00,2490.5025272306334
2017-09-15 08:00:00,2459.021257076079
2017-09-16 08:00:00,2429.554236057824
2017-09-17 08:00:00,2393.2502147739624
2017-09-18 08:00:00,2353.8796794470722
2017-09-19 08:00:00,2324.260797348333
2017-09-20 08:00:00,2295.6268876716367
2017-09-21 08:00:00,2258.3969578260662
2017-09-22 08:00:00,2229.317660028537
2017-09-23 08:00:00,2212.199329972102
2017-09-24 08:00:00,2192.284515252808
2017-09-25 08:00:00,2175.4818468267363
2017-09-26 08:00:00,2156.814942943345
2017-09-27 08:00:00,2133.2367734160844
2017-09-28 08:00:00,2102.5820869055765
2017-09-29 08:00:00,2087.570268692778
2017-09-30 08:00:00,2080.650646466566
2017-10-01 08:00:00,2097.4104383556237
2017-10-02 08:00:00,2167.8830832771673
2017-10-03 08:00:00,2241.733364733275
2017-10-04 08:00:00,2286.281464127971
2017-10-05 08:00:00,2360.1860702472877
2017-10-06 08:00:00,2409.822282976571
2017-10-07 08:00:00,2447.1387596806267
2017-10-08 08:00:00,2500.673710311664
2017-10-09 08:00:00,2561.4609834287903
2017-10-10 08:00:00,2635.963378289083
2017-10-11 08:00:00,2697.0644753530046
2017-10-12 08:00:00,2757.3395435807256
2017-10-13 08:00:00,2820.946297410982
2017-10-14 08:00:00,2877.8994691057705
2017-10-15 08:00:00,2933.4831406074504
2017-10-16 08:00:00,2973.3506846783857
2017-10-17 08:00:00,3032.2372901714584
2017-10-18 08:00:00,3085.1259500308934
2017-10-19 08:00:00,3136.445834465121
2017-10-20 08:00:00,3158.063651291104
2017-10-21 08:00:00,3163.489291233371
2017-10-22 08:00:00,3158.473696236493
2017-10-23 08:00:00,3145.5521038692427
2017-10-24 08:00:00,3115.923140822723
2017-10-25 08:00:00,3087.6744312191868
2017-10-26 08:00:00,3058.9295775540954
2017-10-27 08:00:00,3011.6408169581546
2017-10-28 08:00:00,2963.69844362346
2017-10-29 08:00:00,2909.46189089451
2017-10-30 08:00:00,2842.3823827529145
2017-10-31 08:00:00,2778.3893644473924
2017-11-01 08:00:00,2712.5235310428498
2017-11-02 08:00:00,2652.498993928774
2017-11-03 08:00:00,2599.1118732208497
2017-11-04 08:00:00,2532.849810289936
2017-11-05 08:00:00,2461.7367076281134
2017-11-06 08:00:00,2400.3361088873216
2017-11-07 08:00:00,2328.0317522179794
2017-11-08 08:00:00,2262.7048990936582
2017-11-09 08:00:00,2174.4107501016047
2017-11-10 08:00:00,2089.144863217245
2017-11-11 08:00:00,1986.3291156084722
2017-11-12 08:00:00,1898.3448572254495
2017-11-13 08:00:00,1809.03949333079
2017-11-14 08:00:00,1725.1994892923003
2017-11-15 08:00:00,1667.91878837456
2017-11-16 08:00:00,1632.6154114820142
2017-11-17 08:00:00,1623.694750107001
2017-11-18 08:00:00,1579.4750711088652
2017-11-19 08:00:00,1561.7432313284296
2017-11-20 08:00:00,1542.2884958721058
2017-11-21 08:00:00,1533.373630423673
2017-11-22 08:00:00,1498.8086582861738
2017-11-23 08:00:00,1479.507882020244
2017-11-24 08:00:00,1463.3026385256867
2017-11-25 08:00:00,1449.2383705948118
2017-11-26 08:00:00,1436.357020873153
2017-11-27 08:00:00,1428.847821131671
2017-11-28 08:00:00,1427.5204024626935
2017-11-29 08:00:00,1445.3361786087755
2017-11-30 08:00:00,1460.6886669326661
2017-12-01 08:00:00,1477.6019837109072
2017-12-02 08:00:00,1493.8349602914777
2017-12-03 08:00:00,1512.0405502755714
2017-12-04 08:00:00,1520.7738619692377
2017-12-05 08:00:00,1519.9825889385488
2017-12-06 08:00:00,1510.2342461009723
2017-12-07 08:00:00,1482.8135126057564
2017-12-08 08:00:00,1459.192775343763
2017-12-09 08:00:00,1442.5866707882417
2017-12-10 08:00:00,1426.2460539920608
2017-12-11 08:00:00,1405.9427470877133
2017-12-12 08:00:00,1394.1768292985232
2017-12-13 08:00:00,1413.288529775609
2017-12-14 08:00:00,1441.398986747552
2017-12-15 08:00:00,1442.3914873717404
2017-12-16 08:00:00,1420.0199320068796
2017-12-17 08:00:00,1409.9954262268911
2017-12-18 08:00:00,1403.5244785330253
2017-12-19 08:00:00,1400.333263249762
2017-12-20 08:00:00,1398.5429236038933
2017-12-21 08:00:00,1396.677985986188
2017-12-22 08:00:00,1391.291684212549
2017-12-23 08:00:00,1388.730604972813
2017-12-24 08:00:00,1380.9019940890175
2017-12-25 08:00:00,1370.3422782880564
2017-12-26 08:00:00,1356.5255051857214
2017-12-27 08:00:00,1363.6720558601933
2017-12-28 08:00:00,1369.6492654255098
2017-12-29 08:00:00,1370.4901852733942
2017-12-30 08:00:00,1375.0030619056752
2017-12-31 08:00:00,1371.0243973391632
2018-01-01 08:00:00,1373.2609930017104
2018-01-02 08:00:00,1380.0440338418982
2018-01-03 08:00:00,1429.2738151451795
2018-01-04 08:00:00,1462.0203304430554
2018-01-05 08:00:00,1460.5454827315116
2018-01-06 08:00:00,1483.741966350723
2018-01-07 08:00:00,1515.046547995794
2018-01-08 08:00:00,1472.9780772046051
2018-01-09 08:00:00,1472.1161666318726
2018-01-10 08:00:00,1467.7019458608338
2018-01-11 08:00:00,1520.0205167260367
2018-01-12 08:00:00,1574.424945015117
2018-01-13 08:00:00,1597.1842001267128
2018-01-14 08:00:00,1592.447406549191
2018-01-15 08:00:00,1566.2884621804997
2018-01-16 08:00:00,1539.4029501108969
2018-01-17 08:00:00,1514.2129770709678
2018-01-18 08:00:00,1472.62288367203
2018-01-19 08:00:00,1468.1848827041097
2018-01-20 08:00:00,1473.1567429273146
2018-01-21 08:00:00,1515.9453699433193
2018-01-22 08:00:00,1468.6245970345026
2018-01-23 08:00:00,1486.9366981764813
2018-01-24 08:00:00,1545.5699966781272
2018-01-25 08:00:00,1554.2821632438238
2018-01-26 08:00:00,1562.0743929596038
2018-01-27 08:00:00,1594.1386077454636
2018-01-28 08:00:00,1542.6997109977974
2018-01-29 08:00:00,1528.1538990407046
2018-01-30 08:00:00,1525.8094541479827
2018-01-31 08:00:00,1514.1453302775935
2018-02-01 08:00:00,1514.3642102721128
2018-02-02 08:00:00,1512.6863335845624
2018-02-03 08:00:00,1499.5923357242586
2018-02-04 08:00:00,1492.7636271745787
2018-02-05 08:00:00,1491.2730756899714
2018-02-06 08:00:00,1482.6919624148454
2018-02-07 08:00:00,1474.907464672577
2018-02-08 08:00:00,1464.6316244289717
2018-02-09 08:00:00,1448.6193246044866
2018-02-10 08:00:00,1432.1306469248798
2018-02-11 08:00:00,1418.0467353854365
2018-02-12 08:00:00,1409.7505133809204
2018-02-13 08:00:00,1400.3191412025767
2018-02-14 08:00:00,1391.5724660978624
2018-02-15 08:00:00,1388.147084741643
2018-02-16 08:00:00,1385.5043011218302
2018-02-17 08:00:00,1381.9162353196857
2018-02-18 08:00:00,1393.090481231248
2018-02-19 08:00:00,1407.0287250260483
2018-02-20 08:00:00,1415.6592645157798
2018-02-21 08:00:00,1425.495153321495
2018-02-22 08:00:00,1405.6404804765339
2018-02-23 08:00:00,1438.1932531666207
2018-02-24 08:00:00,1469.3306467611526
2018-02-25 08:00:00,1454.7650757704005
2018-02-26 08:00:00,1457.43492668285
2018-02-27 08:00:00,1524.4051830565097
2018-02-28 08:00:00,1482.982360083488
2018-03-01 08:00:00,1492.3310269249612
2018-03-02 08:00:00,1507.7101899666252
2018-03-03 08:00:00,1535.6546180982734
2018-03-04 08:00:00,1643.8274790983623
2018-03-05 08:00:00,1614.9019050535076
2018-03-06 08:00:00,1699.519095916906
2018-03-07 08:00:00,1717.0963859685144
2018-03-08 08:00:00,1682.3449560079957
2018-03-09 08:00:00,1660.4708533643914
2018-03-10 08:00:00,1632.0045413487878
2018-03-11 08:00:00,1610.863392100544
2018-03-12 08:00:00,1592.111864755494
2018-03-13 08:00:00,1578.4717007312963
2018-03-14 08:00:00,1573.4940747638466
2018-03-15 08:00:00,1582.7153323964749
2018-03-16 08:00:00,1567.5170368598228
2018-03-17 08:00:00,1635.1017179215469
2018-03-18 08:00:00,1693.9043316396549
2018-03-19 08:00:00,1728.1715873763633
2018-03-20 08:00:00,1759.2846710412593
2018-03-21 08:00:00,1815.376327669369
2018-03-22 08:00:00,1868.0494400470573
2018-03-23 08:00:00,1906.7462044467507
2018-03-24 08:00:00,1930.1037518738776
2018-03-25 08:00:00,1924.5552527913367
2018-03-26 08:00:00,1896.5879958071132
2018-03-27 08:00:00,1862.1982790281654
2018-03-28 08:00:00,1814.1887672107423
2018-03-29 08:00:00,1768.1731487259851
2018-03-30 08:00:00,1713.4668840000725
2018-03-31 08:00:00,1678.2191856423592
2018-04-01 08:00:00,1647.3339196513375
2018-04-02 08:00:00,1632.6596665180482
2018-04-03 08:00:00,1682.5022823538363
2018-04-04 08:00:00,1684.2881881259234
2018-04-05 08:00:00,1707.4859830873268
2018-04-06 08:00:00,1651.058183789396
2018-04-07 08:00:00,1616.5607901398073
2018-04-08 08:00:00,1605.5688641981642
2018-04-09 08:00:00,1588.2824435232471
2018-04-10 08:00:00,1567.518346815258
2018-04-11 08:00:00,1549.9957354569635
2018-04-12 08:00:00,1594.9379358019394
2018-04-13 08:00:00,1676.9697603368652
2018-04-14 08:00:00,1689.4341126945876
2018-04-15 08:00:00,1862.6956466222152
2018-04-16 08:00:00,2028.8441167419717
2018-04-17 08:00:00,2039.3797664666367
2018-04-18 08:00:00,1980.7701531228481
2018-04-19 08:00:00,1878.0144164711037
2018-04-20 08:00:00,1797.8122186772098
2018-04-21 08:00:00,1736.9506012465872
2018-04-22 08:00:00,1750.436708659317
2018-04-23 08:00:00,1815.2355761821361
2018-04-24 08:00:00,1887.5250107846075
2018-04-25 08:00:00,2062.822741515275
2018-04-26 08:00:00,2129.8754916712846
2018-04-27 08:00:00,2097.4482925604816
2018-04-28 08:00:00,2023.0716244499604
2018-04-29 08:00:00,1960.0695919996347
2018-04-30 08:00:00,1911.1343863109166
2018-05-01 08:00:00,1908.9892141517685
2018-05-02 08:00:00,1964.2808414260514
2018-05-03 08:00:00,1990.093924405238
2018-05-04 08:00:00,1999.2045812637487
2018-05-05 08:00:00,1970.1935936663956
2018-05-06 08:00:00,1975.2954665658176
2018-05-07 08:00:00,1939.1224556853779
2018-05-08 08:00:00,1963.223773501948
2018-05-09 08:00:00,2061.173555607024
2018-05-10 08:00:00,2144.1940035037023
2018-05-11 08:00:00,2178.573224223438
2018-05-12 08:00:00,2203.4864483310507
2018-05-13 08:00:00,2231.2276694110683
2018-05-14 08:00:00,2263.3767165564873
2018-05-15 08:00:00,2300.012351458898
2018-05-16 08:00:00,2306.225057651594
2018-05-17 08:00:00,2285.129921806246
2018-05-18 08:00:00,2269.8655860396602
2018-05-19 08:00:00,2246.6496388355604
2018-05-20 08:00:00,2218.640915720998
2018-05-21 08:00:00,2218.1959066991026
2018-05-22 08:00:00,2245.5745651655984
2018-05-23 08:00:00,2289.9031310609903
2018-05-24 08:00:00,2321.8360106953974
2018-05-25 08:00:00,2354.734401732807
2018-05-26 08:00:00,2381.474477176183
2018-05-27 08:00:00,2407.181756402131
2018-05-28 08:00:00,2457.770064221118
2018-05-29 08:00:00,2494.1920692748113
2018-05-30 08:00:00,2563.9977222022976
2018-05-31 08:00:00,2583.6144732609196
2018-06-01 08:00:00,2619.1333693373567
2018-06-02 08:00:00,2686.1323103261616
2018-06-03 08:00:00,2725.0763190362463
2018-06-04 08:00:00,2768.3202831141357
2018-06-05 08:00:00,2785.797092273402
2018-06-06 08:00:00,2797.2074649677356
2018-06-07 08:00:00,2826.755163014124
2018-06-08 08:00:00,2876.101629458636
2018-06-09 08:00:00,2935.395706460253
2018-06-10 08:00:00,3016.673533352437
2018-06-11 08:00:00,3097.9137759461933
2018-06-12 08:00:00,3176.8293155649317
2018-06-13 08:00:00,3204.959042174546
2018-06-14 08:00:00,3191.990268263221
2018-06-15 08:00:00,3154.263739271693
2018-06-16 08:00:00,3094.222217369296
2018-06-17 08:00:00,3016.0137665725756
2018-06-18 08:00:00,2936.586940688297
2018-06-19 08:00:00,2866.892626738476
2018-06-20 08:00:00,2799.0504484589774
2018-06-21 08:00:00,2782.936671529973
2018-06-22 08:00:00,2811.0891970218017
2018-06-23 08:00:00,2790.480718119669
2018-06-24 08:00:00,2764.863071551281
2018-06-25 08:00:00,2744.4525051493647
2018-06-26 08:00:00,2711.9812012116327
2018-06-27 08:00:00,2667.333752897445
2018-06-28 08:00:00,2616.3461388496407
2018-06-29 08:00:00,2557.0923761421805
2018-06-30 08:00:00,2519.015941455158
2018-07-01 08:00:00,2528.7586155100516
2018-07-02 08:00:00,2595.2686091852056
2018-07-03 08:00:00,2648.0264301619495
2018-07-04 08:00:00,2659.473167542093
2018-07-05 08:00:00,2730.1040155473083
2018-07-06 08:00:00,2819.8520432805317
2018-07-07 08:00:00,3026.1575501060265
2018-07-08 08:00:00,3247.2425558922887
2018-07-09 08:00:00,3374.1561082270514
2018-07-10 08:00:00,3419.404186892733
2018-07-11 08:00:00,3451.5270852007484
2018-07-12 08:00:00,3471.3075057811943
2018-07-13 08:00:00,3482.7059766877164
2018-07-14 08:00:00,3494.1729514502335
2018-07-15 08:00:00,3493.644585985614
2018-07-16 08:00:00,3497.685921829622
2018-07-17 08:00:00,3506.373954367073
2018-07-18 08:00:00,3508.683273016439
2018-07-19 08:00:00,3515.093315835825
2018-07-20 08:00:00,3518.7578735345314
2018-07-21 08:00:00,3514.2146401908276
2018-07-22 08:00:00,3505.510668243527
2018-07-23 08:00:00,3503.4761270326653
2018-07-24 08:00:00,3494.1147168625175
2018-07-25 08:00:00,3484.597620338181
2018-07-26 08:00:00,3467.761752940742
2018-07-27 08:00:00,3454.2794713942194
2018-07-28 08:00:00,3433.430336623105
2018-07-29 08:00:00,3406.013062360287
2018-07-30 08:00:00,3387.6230263043312
2018-07-31 08:00:00,3359.9816683359054
2018-08-01 08:00:00,3332.345248936958
2018-08-02 08:00:00,3306.809171980106
2018-08-03 08:00:00,3278.880776157268
2018-08-04 08:00:00,3266.9115773337094
2018-08-05 08:00:00,3251.925595034553
2018-08-06 08:00:00,3241.9010688176127
2018-08-07 08:00:00,3237.5928587008966
2018-08-08 08:00:00,3224.003413854962
2018-08-09 08:00:00,3199.158395586459
2018-08-10 08:00:00,3171.3552629545457
2018-08-11 08:00:00,3145.634379667687
2018-08-12 08:00:00,3111.0159359065924
2018-08-13 08:00:00,3086.209594362199
2018-08-14 08:00:00,3063.652056177432
2018-08-15 08:00:00,3040.5755584588605
2018-08-16 08:00:00,3008.9411545496446
2018-08-17 08:00:00,2975.4815951386267
2018-08-18 08:00:00,2946.978027362962
2018-08-19 08:00:00,2940.516866158763
2018-08-20 08:00:00,2937.7227436029493
2018-08-21 08:00:00,2932.1823093772755
2018-08-22 08:00:00,2914.2939063969106
2018-08-23 08:00:00,2892.553168772276
2018-08-24 08:00:00,2876.5329175404013
2018-08-25 08:00:00,2858.150461146461
2018-08-26 08:00:00,2851.4923223774654
2018-08-27 08:00:00,2834.948380563649
2018-08-28 08:00:00,2834.681706721381
2018-08-29 08:00:00,2830.6601401586217
2018-08-30 08:00:00,2818.4954421358393
2018-08-31 08:00:00,2803.8885109119165
2018-09-01 08:00:00,2776.5573411173245
2018-09-02 08:00:00,2732.1866975296716
2018-09-03 08:00:00,2693.381254243988
2018-09-04 08:00:00,2639.8998952746365
2018-09-05 08:00:00,2590.3291992509176
2018-09-06 08:00:00,2540.814285549041
2018-09-07 08:00:00,2499.298477589188
2018-09-08 08:00:00,2429.405401305211
2018-09-09 08:00:00,2371.9557287049042
2018-09-10 08:00:00,2323.7399044358312
2018-09-11 08:00:00,2284.300049413108
2018-09-12 08:00:00,2225.8888683113023
2018-09-13 08:00:00,2149.0355847134515
2018-09-14 08:00:00,2077.901841847721
2018-09-15 08:00:00,1978.2213141711284
2018-09-16 08:00:00,1899.6366561042819
2018-09-17 08:00:00,1812.7076208434746
2018-09-18 08:00:00,1715.8988840066509
2018-09-19 08:00:00,1657.2141598481203
2018-09-20 08:00:00,1602.190148632341
2018-09-21 08:00:00,1572.6838213660076
2018-09-22 08:00:00,1551.0008148940235
2018-09-23 08:00:00,1546.748123036455
2018-09-24 08:00:00,1512.5935151907152
2018-09-25 08:00:00,1502.2418275844163
2018-09-26 08:00:00,1495.2119546000074
2018-09-27 08:00:00,1501.3016931618747
2018-09-28 08:00:00,1498.863989226807
2018-09-29 08:00:00,1508.9591357345007
2018-09-30 08:00:00,1511.5505147076722
2018-10-01 08:00:00,1524.0641603390993
2018-10-02 08:00:00,1542.6878547769318
2018-10-03 08:00:00,1559.9728513638418
2018-10-04 08:00:00,1567.2550681662192
2018-10-05 08:00:00,1561.3708482606178
2018-10-06 08:00:00,1539.0257409405683
2018-10-07 08:00:00,1522.2306378753017
2018-10-08 08:00:00,1499.915778670608
2018-10-09 08:00:00,1491.9870020873407
2018-10-10 08:00:00,1487.0177616940464
2018-10-11 08:00:00,1488.4184808883635
2018-10-12 08:00:00,1491.3918652873886
2018-10-13 08:00:00,1505.9336581771297
2018-10-14 08:00:00,1522.8051207917151
2018-10-15 08:00:00,1526.6669031326628
2018-10-16 08:00:00,1524.9423088884973
2018-10-17 08:00:00,1507.256657882512
2018-10-18 08:00:00,1494.6074995038634
2018-10-19 08:00:00,1476.8401938993543
2018-10-20 08:00:00,1460.2936154399783
2018-10-21 08:00:00,1460.5995375411605
2018-10-22 08:00:00,1453.4301596407429
2018-10-23 08:00:00,1444.4534308992977
2018-10-24 08:00:00,1440.7743489110787
2018-10-25 08:00:00,1449.4671258409558
2018-10-26 08:00:00,1458.317886231292
2018-10-27 08:00:00,1464.4375326353315
2018-10-28 08:00:00,1468.1954809641518
2018-10-29 08:00:00,1457.455513437543
2018-10-30 08:00:00,1451.1096869704818
2018-10-31 08:00:00,1439.1005176358758
2018-11-01 08:00:00,1425.3262707777944
2018-11-02 08:00:00,1402.7493990668822
2018-11-03 08:00:00,1368.9328601154136
2018-11-04 08:00:00,1343.9357946097703
2018-11-05 08:00:00,1330.2644621144243
2018-11-06 08:00:00,1325.409990794075
2018-11-07 08:00:00,1326.9976153724165
2018-11-08 08:00:00,1319.860718831837
2018-11-09 08:00:00,1311.4532041131197
2018-11-10 08:00:00,1332.3265347576094
2018-11-11 08:00:00,1327.308270243072
2018-11-12 08:00:00,1326.18983332332
2018-11-13 08:00:00,1332.050185710521
2018-11-14 08:00:00,1364.5859975431308
2018-11-15 08:00:00,1379.1580792979164
2018-11-16 08:00:00,1403.3229300709172
2018-11-17 08:00:00,1516.191965784243
2018-11-18 08:00:00,1640.5822847148515
2018-11-19 08:00:00,1763.8039890931316
2018-11-20 08:00:00,1841.9864120462519
2018-11-21 08:00:00,1909.3069401840978
2018-11-22 08:00:00,1970.8522476668688
2018-11-23 08:00:00,2053.260310170177
2018-11-24 08:00:00,2093.9380313525953
2018-11-25 08:00:00,2096.9336768706685
2018-11-26 08:00:00,2063.9292370826565
2018-11-27 08:00:00,1997.2784704260216
2018-11-28 08:00:00,1911.8083642170395
2018-11-29 08:00:00,1820.4532757297904
2018-11-30 08:00:00,1744.6059663850401
2018-12-01 08:00:00,1687.7709755182725
2018-12-02 08:00:00,1646.438625005172
2018-12-03 08:00:00,1611.4450172281156
2018-12-04 08:00:00,1588.0755144779844
2018-12-05 08:00:00,1639.669492350706
2018-12-06 08:00:00,1644.823502856972
2018-12-07 08:00:00,1639.511769196145
2018-12-08 08:00:00,1661.6506385610132
2018-12-09 08:00:00,1666.9611371390395
2018-12-10 08:00:00,1683.256947392131
2018-12-11 08:00:00,1696.6431917314092
2018-12-12 08:00:00,1721.2585027102157
2018-12-13 08:00:00,1748.8159587618597
2018-12-14 08:00:00,1746.0501638054666
2018-12-15 08:00:00,1755.581933880856
2018-12-16 08:00:00,1722.709272313861
2018-12-17 08:00:00,1690.6575111409554
2018-12-18 08:00:00,1671.4800805262666
2018-12-19 08:00:00,1720.8108363360639
2018-12-20 08:00:00,1681.541763514732
2018-12-21 08:00:00,1688.5354208594938
2018-12-22 08:00:00,1667.2584660440368
2018-12-23 08:00:00,1641.4990714669104
2018-12-24 08:00:00,1638.1178399977855
2018-12-25 08:00:00,1651.5573220081135
2018-12-26 08:00:00,1658.0848540729628
2018-12-27 08:00:00,1648.325699518342
2018-12-28 08:00:00,1634.6652600548452
2018-12-29 08:00:00,1633.040591184388
2018-12-30 08:00:00,1652.6449019805525
2018-12-31 08:00:00,1636.1743682327601
2019-01-01 08:00:00,1653.210189702173
2019-01-02 08:00:00,1651.3757064750853
2019-01-03 08:00:00,1686.0802727599937
2019-01-04 08:00:00,1708.9894731708753
2019-01-05 08:00:00,1642.903529200322
2019-01-06 08:00:00,1618.0800656793147
2019-01-07 08:00:00,1640.6018224629997
2019-01-08 08:00:00,1722.6585088981094
2019-01-09 08:00:00,1792.1261440908422
2019-01-10 08:00:00,1861.6841517981081
2019-01-11 08:00:00,1890.424861042934
2019-01-12 08:00:00,1956.5692469761696
2019-01-13 08:00:00,2101.7846871800075
2019-01-14 08:00:00,2232.2600333019236
2019-01-15 08:00:00,2244.476114936516
2019-01-16 08:00:00,2209.099436214357
2019-01-17 08:00:00,2125.1260187207695
2019-01-18 08:00:00,2071.3478031954146
2019-01-19 08:00:00,2016.2073875961144
2019-01-20 08:00:00,1968.1510660741485
2019-01-21 08:00:00,1936.2325769720815
2019-01-22 08:00:00,1902.3669241852901
2019-01-23 08:00:00,1861.6826246781334
2019-01-24 08:00:00,1823.1111596788187
2019-01-25 08:00:00,1779.2448773961112
2019-01-26 08:00:00,1731.2146510899693
2019-01-27 08:00:00,1695.6359310308658
2019-01-28 08:00:00,1650.8031199235115
2019-01-29 08:00:00,1601.9610673836596
2019-01-30 08:00:00,1578.1619237039486
2019-01-31 08:00:00,1559.7232658400178
2019-02-01 08:00:00,1534.6543972374166
2019-02-02 08:00:00,1520.6676568534795
2019-02-03 08:00:00,1521.5733561017878
2019-02-04 08:00:00,1538.2779669558427
2019-02-05 08:00:00,1528.6899420641357
2019-02-06 08:00:00,1543.5041504068463
2019-02-07 08:00:00,1527.3732600040162
2019-02-08 08:00:00,1555.5619477444554
2019-02-09 08:00:00,1556.6821535029828
2019-02-10 08:00:00,1558.4618229272555
2019-02-11 08:00:00,1558.9460354745759
2019-02-12 08:00:00,1593.5507642947086
2019-02-13 08:00:00,1615.373940868823
2019-02-14 08:00:00,1614.5077094824746
2019-02-15 08:00:00,1648.315433301415
2019-02-16 08:00:00,1674.9754603514473
2019-02-17 08:00:00,1731.755466256388
2019-02-18 08:00:00,1853.387561517182
2019-02-19 08:00:00,2002.1290502225395
2019-02-20 08:00:00,2161.117053436225
2019-02-21 08:00:00,2332.755340652803
2019-02-22 08:00:00,2512.1009189935835
2019-02-23 08:00:00,2674.50792945174
2019-02-24 08:00:00,2742.748615092097
2019-02-25 08:00:00,2788.1195570089826
2019-02-26 08:00:00,2819.931664995306
2019-02-27 08:00:00,2830.8830181003514
2019-02-28 08:00:00,2855.687341097793
2019-03-01 08:00:00,2911.5027260985134
2019-03-02 08:00:00,2950.938286732716
2019-03-03 08:00:00,3007.9325003516333
2019-03-04 08:00:00,3069.2265309346735
2019-03-05 08:00:00,3094.6414750657987
2019-03-06 08:00:00,3097.0637656911235
2019-03-07 08:00:00,3102.278725396173
2019-03-08 08:00:00,3111.870492465033
2019-03-09 08:00:00,3120.8289588352427
2019-03-10 08:00:00,3136.637592109992
2019-03-11 08:00:00,3152.9796027378907
2019-03-12 08:00:00,3164.2473890807055
2019-03-13 08:00:00,3158.1356716283317
2019-03-14 08:00:00,3126.3439504516728
2019-03-15 08:00:00,3082.786173799166
2019-03-16 08:00:00,3031.408419703707
2019-03-17 08:00:00,2982.4912965694093
2019-03-18 08:00:00,2919.086608806879
2019-03-19 08:00:00,2841.6405933767737
2019-03-20 08:00:00,2781.765297532645
2019-03-21 08:00:00,2730.2797466663746
2019-03-22 08:00:00,2676.0162039127426
2019-03-23 08:00:00,2692.990765105011
2019-03-24 08:00:00,2691.8197762767677
2019-03-25 08:00:00,2651.4555209886557
2019-03-26 08:00:00,2623.660021657781
2019-03-27 08:00:00,2604.142057998423
2019-03-28 08:00:00,2597.0567812870413
2019-03-29 08:00:00,2592.21444418479
2019-03-30 08:00:00,2612.116500544543
2019-03-31 08:00:00,2588.886268082454
2019-04-01 08:00:00,2544.7692518833132
2019-04-02 08:00:00,2543.7002599334087
2019-04-03 08:00:00,2514.355913912613
2019-04-04 08:00:00,2516.4748205799933
2019-04-05 08:00:00,2521.1391039747523
2019-04-06 08:00:00,2517.4312649823205
2019-04-07 08:00:00,2502.373312695817
2019-04-08 08:00:00,2481.336150029805
2019-04-09 08:00:00,2459.6864423060542
2019-04-10 08:00:00,2435.1171169650866
2019-04-11 08:00:00,2410.265496104317
2019-04-12 08:00:00,2402.42005294354
2019-04-13 08:00:00,2397.0249940830076
2019-04-14 08:00:00,2393.712257730331
2019-04-15 08:00:00,2402.5820812072325
2019-04-16 08:00:00,2408.16511275745
2019-04-17 08:00:00,2398.9671321672213
2019-04-18 08:00:00,2402.4144506614152
2019-04-19 08:00:00,2407.7488884248883
2019-04-20 08:00:00,2431.73516258426
2019-04-21 08:00:00,2465.6895738084727
2019-04-22 08:00:00,2489.6941705324725
2019-04-23 08:00:00,2517.9110772599556
2019-04-24 08:00:00,2560.5707191741344
2019-04-25 08:00:00,2601.134806318234
2019-04-26 08:00:00,2662.4526812809163
2019-04-27 08:00:00,2736.3377658358622
2019-04-28 08:00:00,2758.730104997989
2019-04-29 08:00:00,2763.0190554516516
2019-04-30 08:00:00,2754.2141521455424
2019-05-01 08:00:00,2778.1755894708713
2019-05-02 08:00:00,2807.3358410739243
2019-05-03 08:00:00,2804.9308616345006
2019-05-04 08:00:00,2782.274272764958
2019-05-05 08:00:00,2751.76007544649
2019-05-06 08:00:00,2727.957086874874
2019-05-07 08:00:00,2701.593744351164
2019-05-08 08:00:00,2678.908623083671
2019-05-09 08:00:00,2677.4390603547313
2019-05-10 08:00:00,2681.6927203513433
2019-05-11 08:00:00,2686.609149452488
2019-05-12 08:00:00,2695.2226401088947
2019-05-13 08:00:00,2697.5568006672293
2019-05-14 08:00:00,2719.9813612046205
2019-05-15 08:00:00,2764.037154164969
2019-05-16 08:00:00,2826.6982477844504
2019-05-17 08:00:00,2907.5903002608156
2019-05-18 08:00:00,2953.391554791359
2019-05-19 08:00:00,2995.4096296989883
2019-05-20 08:00:00,3080.2928611151033
2019-05-21 08:00:00,3194.4463472882794
2019-05-22 08:00:00,3260.415659459523
2019-05-23 08:00:00,3278.62054116587
2019-05-24 08:00:00,3293.1755289658986
2019-05-25 08:00:00,3306.7030572748563
2019-05-26 08:00:00,3342.2821306048136
2019-05-27 08:00:00,3399.5566566243165
2019-05-28 08:00:00,3432.299964845683
2019-05-29 08:00:00,3459.420054037449
2019-05-30 08:00:00,3473.3751523150268
2019-05-31 08:00:00,3476.474938678583
2019-06-01 08:00:00,3480.818628619609
2019-06-02 08:00:00,3483.27630108452
2019-06-03 08:00:00,3480.0854060217275
2019-06-04 08:00:00,3473.58257781243
2019-06-05 08:00:00,3465.412684024637
2019-06-06 08:00:00,3461.92714367898
2019-06-07 08:00:00,3474.4435364405417
2019-06-08 08:00:00,3517.779623171566
2019-06-09 08:00:00,3564.9642322977274
2019-06-10 08:00:00,3605.95028742778
2019-06-11 08:00:00,3630.4598911275066
2019-06-12 08:00:00,3652.944307329186
2019-06-13 08:00:00,3663.335196936751
2019-06-14 08:00:00,3672.207072759352
2019-06-15 08:00:00,3677.5198433383493
2019-06-16 08:00:00,3676.4149808069333
2019-06-17 08:00:00,3672.384054792512
2019-06-18 08:00:00,3664.031436723373
2019-06-19 08:00:00,3659.8412363074044
2019-06-20 08:00:00,3657.580437139517
2019-06-21 08:00:00,3661.2837565027917
2019-06-22 08:00:00,3674.9418364330436
2019-06-23 08:00:00,3693.663854125735
2019-06-24 08:00:00,3702.759667253034
2019-06-25 08:00:00,3700.98097172439
2019-06-26 08:00:00,3696.823602708726
2019-06-27 08:00:00,3693.8549371852273
2019-06-28 08:00:00,3687.9837328239228
2019-06-29 08:00:00,3683.8646975067923
2019-06-30 08:00:00,3676.2293983836144
2019-07-01 08:00:00,3668.0146865763145
2019-07-02 08:00:00,3666.4655680791884
2019-07-03 08:00:00,3661.4363735590377
2019-07-04 08:00:00,3670.2391926108453
2019-07-05 08:00:00,3682.9402448141195
2019-07-06 08:00:00,3710.347510917
2019-07-07 08:00:00,3720.985982376566
2019-07-08 08:00:00,3738.137363357589
2019-07-09 08:00:00,3756.548266826968
2019-07-10 08:00:00,3771.855144397803
2019-07-11 08:00:00,3784.4274550677387
2019-07-12 08:00:00,3788.2647832078724
2019-07-13 08:00:00,3792.6652890918294
2019-07-14 08:00:00,3799.47308740321
2019-07-15 08:00:00,3800.3772317700455
2019-07-16 08:00:00,3798.7310348260603
2019-07-17 08:00:00,3797.783038602249
2019-07-18 08:00:00,3794.4035645758636
2019-07-19 08:00:00,3792.2059025117796
2019-07-20 08:00:00,3789.7381644950765
2019-07-21 08:00:00,3785.7036945896284
2019-07-22 08:00:00,3781.234980390622
2019-07-23 08:00:00,3775.975178408417
2019-07-24 08:00:00,3767.9363452896146
2019-07-25 08:00:00,3758.715374271474
2019-07-26 08:00:00,3749.588361358984
2019-07-27 08:00:00,3741.10369235087
2019-07-28 08:00:00,3731.2078312912863
2019-07-29 08:00:00,3722.8643225974
2019-07-30 08:00:00,3711.2964847749918
2019-07-31 08:00:00,3701.7789269287623
2019-08-01 08:00:00,3688.4689385259644
2019-08-02 08:00:00,3676.9013948806382
2019-08-03 08:00:00,3661.0395433562862
2019-08-04 08:00:00,3649.3818995991205
2019-08-05 08:00:00,3639.7891783544087
2019-08-06 08:00:00,3626.152155310267
2019-08-07 08:00:00,3611.90509786017
2019-08-08 08:00:00,3596.6903314809374
2019-08-09 08:00:00,3582.5013914421293
2019-08-10 08:00:00,3567.3619592931336
2019-08-11 08:00:00,3549.0186932561674
2019-08-12 08:00:00,3540.1590755865845
2019-08-13 08:00:00,3529.2052975837064
2019-08-14 08:00:00,3511.1190334353096
2019-08-15 08:00:00,3487.8378943080384
2019-08-16 08:00:00,3466.1670459021093
2019-08-17 08:00:00,3440.6864288550673
2019-08-18 08:00:00,3414.6997648147612
2019-08-19 08:00:00,3379.87315899149
2019-08-20 08:00:00,3338.371965002394
2019-08-21 08:00:00,3286.3594389902896
2019-08-22 08:00:00,3243.385374344222
2019-08-23 08:00:00,3189.390746295891
2019-08-24 08:00:00,3130.5732514539886
2019-08-25 08:00:00,3074.1931306394995
2019-08-26 08:00:00,3001.089632059659
2019-08-27 08:00:00,2921.423137545858
2019-08-28 08:00:00,2856.590289685308
2019-08-29 08:00:00,2755.7270762531957
2019-08-30 08:00:00,2664.8280679258078
2019-08-31 08:00:00,2575.292214954753
2019-09-01 08:00:00,2516.434790149041
2019-09-02 08:00:00,2453.344464074998
2019-09-03 08:00:00,2384.294704806009
2019-09-04 08:00:00,2324.782106472066
2019-09-05 08:00:00,2278.446622871467
2019-09-06 08:00:00,2214.4824716935987
2019-09-07 08:00:00,2145.576966937883
2019-09-08 08:00:00,2039.5066404296308
2019-09-09 08:00:00,1928.7695077572207
2019-09-10 08:00:00,1804.798390863561
2019-09-11 08:00:00,1699.0826598102337
2019-09-12 08:00:00,1607.7127901468155
2019-09-13 08:00:00,1540.0739537039558
2019-09-14 08:00:00,1480.4512485326532
2019-09-15 08:00:00,1433.157743808401
2019-09-16 08:00:00,1404.829857747694
2019-09-17 08:00:00,1380.4351799117023
2019-09-18 08:00:00,1359.1731347301854
2019-09-19 08:00:00,1340.5273148681374
2019-09-20 08:00:00,1332.543909161014
2019-09-21 08:00:00,1346.2468474024024
2019-09-22 08:00:00,1384.8147155605689
2019-09-23 08:00:00,1415.889189062555
2019-09-24 08:00:00,1433.918745242112
2019-09-25 08:00:00,1438.1267741335055
2019-09-26 08:00:00,1434.2462383280654
2019-09-27 08:00:00,1427.223355634097
2019-09-28 08:00:00,1417.6598950273499
2019-09-29 08:00:00,1408.8837227969434
2019-09-30 08:00:00,1397.6226780994884
2019-10-01 08:00:00,1388.177364952875
2019-10-02 08:00:00,1375.8974889099138
2019-10-03 08:00:00,1353.110145245492
2019-10-04 08:00:00,1316.4469246466317
2019-10-05 08:00:00,1287.1037995297556
2019-10-06 08:00:00,1258.962688450089
2019-10-07 08:00:00,1236.5648140655064
2019-10-08 08:00:00,1221.3980076281066
2019-10-09 08:00:00,1211.4897293700828
2019-10-10 08:00:00,1205.1778865511742
2019-10-11 08:00:00,1202.3996027232283
2019-10-12 08:00:00,1201.787932498881
2019-10-13 08:00:00,1201.5129415241158
2019-10-14 08:00:00,1201.5448002890357
2019-10-15 08:00:00,1205.1572202247567
2019-10-16 08:00:00,1204.3100040161441
2019-10-17 08:00:00,1205.4159161876703
2019-10-18 08:00:00,1202.339104643766
2019-10-19 08:00:00,1199.7292917430107
2019-10-20 08:00:00,1198.0737518943195
2019-10-21 08:00:00,1193.0319288318017
2019-10-22 08:00:00,1187.6903437031217
2019-10-23 08:00:00,1181.4721412178374
2019-10-24 08:00:00,1170.2013466849976
2019-10-25 08:00:00,1166.6679140253882
2019-10-26 08:00:00,1163.482693898478
2019-10-27 08:00:00,1160.6497649274766
2019-10-28 08:00:00,1154.026725530208
2019-10-29 08:00:00,1148.8297004332753
2019-10-30 08:00:00,1145.723363555763
2019-10-31 08:00:00,1147.044024797396
2019-11-01 08:00:00,1149.994357405381
2019-11-02 08:00:00,1151.6753727462474
2019-11-03 08:00:00,1155.2775467913505
2019-11-04 08:00:00,1156.5123496127767
2019-11-05 08:00:00,1159.526882691482
2019-11-06 08:00:00,1160.499817792379
2019-11-07 08:00:00,1160.5244045128397
2019-11-08 08:00:00,1154.2317537118402
2019-11-09 08:00:00,1149.4732763821223
2019-11-10 08:00:00,1143.5795280516884
2019-11-11 08:00:00,1139.5691061016946
2019-11-12 08:00:00,1135.7084608991834
2019-11-13 08:00:00,1130.8126172124348
2019-11-14 08:00:00,1126.2011088040915
2019-11-15 08:00:00,1118.2864047981764
2019-11-16 08:00:00,1113.2546598665183
2019-11-17 08:00:00,1110.1924818423033
2019-11-18 08:00:00,1106.37722467984
2019-11-19 08:00:00,1098.9600715191527
2019-11-20 08:00:00,1092.135427599093
2019-11-21 08:00:00,1084.3847327195215
2019-11-22 08:00:00,1080.8593194843063
2019-11-23 08:00:00,1078.4647722485095
2019-11-24 08:00:00,1077.5210152630495
2019-11-25 08:00:00,1080.0384136250468
2019-11-26 08:00:00,1084.6033150382025
2019-11-27 08:00:00,1087.5500803004884
2019-11-28 08:00:00,1086.7572092770038
2019-11-29 08:00:00,1083.5452047534718
2019-11-30 08:00:00,1082.5317155365879
2019-12-01 08:00:00,1082.5406730822272
2019-12-02 08:00:00,1081.0957413690558
2019-12-03 08:00:00,1078.0792447278686
2019-12-04 08:00:00,1076.6443438416636
2019-12-05 08:00:00,1074.6508700151248
2019-12-06 08:00:00,1071.042996671518
2019-12-07 08:00:00,1068.073344297245
2019-12-08 08:00:00,1064.9506515741357
2019-12-09 08:00:00,1062.2123753745545
2019-12-10 08:00:00,1061.6669511313373
2019-12-11 08:00:00,1057.7314727434332
2019-12-12 08:00:00,1057.8364763189195
2019-12-13 08:00:00,1056.4911634843188
2019-12-14 08:00:00,1057.5946096843668
2019-12-15 08:00:00,1058.9241964611192
2019-12-16 08:00:00,1058.2084303451454
2019-12-17 08:00:00,1063.6890063406404
2019-12-18 08:00:00,1071.6779697173731
2019-12-19 08:00:00,1074.3836558198745
2019-12-20 08:00:00,1078.628661498942
2019-12-21 08:00:00,1087.556690337131
2019-12-22 08:00:00,1087.0180320183636
2019-12-23 08:00:00,1094.4111254041993
2019-12-24 08:00:00,1102.6031948775067
2019-12-25 08:00:00,1116.0306398473829
2019-12-26 08:00:00,1121.8652890253786
2019-12-27 08:00:00,1123.2184605149532
2019-12-28 08:00:00,1129.1334936493788
2019-12-29 08:00:00,1128.4205140350389
2019-12-30 08:00:00,1129.189202162302
